"By administrative divisions","By age ",2010,2010,2010,2010
"By administrative divisions","By age ",Population (Person),Male (Person),Female (Person),Sex ratio
"Whole country","Total",47990761,23840896,24149865,98.70
"Whole country","0-4 Years old",2219084,1142220,1076864,106.10
"Whole country","5-9 Years old",2394663,1243294,1151369,108.00
"Whole country","10-14 Years old",3173226,1654964,1518262,109.00
"Whole country","15-19 Years old",3438414,1826179,1612235,113.30
"Whole country","20-24 Years old",3055420,1625371,1430049,113.70
"Whole country","25-29 Years old",3538949,1802805,1736144,103.80
"Whole country","30-34 Years old",3695348,1866397,1828951,102.00
"Whole country","35-39 Years old",4099147,2060233,2038914,101.00
"Whole country","40-44 Years old",4131423,2071431,2059992,100.60
"Whole country","45-49 Years old",4073358,2044641,2028717,100.80
"Whole country","50-54 Years old",3798131,1887973,1910158,98.80
"Whole country","55-59 Years old",2766695,1360747,1405948,96.80
"Whole country","60-64 Years old",2182236,1057035,1125201,93.90
"Whole country","65-69 Years old",1812168,833242,978926,85.10
"Whole country","70-74 Years old",1566014,672894,893120,75.30
"Whole country","75-79 Years old",1084367,410726,673641,61.00
"Whole country","80-84 Years old",595509,186008,409501,45.40
"Whole country","85 Years old & over",366609,94736,271873,34.80
"Whole country","14 and under",7786973,4040478,3746495,107.80
"Whole country","15 - 64 Years old",34779121,17602812,17176309,102.50
"Whole country","65 Years old",5424667,2197606,3227061,68.10
"Whole country","Mean age",38.1,36.8,39.3,-
"Whole country","Median age",38.1,37.0,39.3,-
"Eup area","Total",4149215,2086063,2063152,101.10
"Eup area","0-4 Years old",233244,120523,112721,106.90
"Eup area","5-9 Years old",242350,125883,116467,108.10
"Eup area","10-14 Years old",289816,150362,139454,107.80
"Eup area","15-19 Years old",283791,151364,132427,114.30
"Eup area","20-24 Years old",212646,120757,91889,131.40
"Eup area","25-29 Years old",250451,131234,119217,110.10
"Eup area","30-34 Years old",313402,158551,154851,102.40
"Eup area","35-39 Years old",368334,189986,178348,106.50
"Eup area","40-44 Years old",351960,187295,164665,113.70
"Eup area","45-49 Years old",328305,173048,155257,111.50
"Eup area","50-54 Years old",300407,154086,146321,105.30
"Eup area","55-59 Years old",226460,112421,114039,98.60
"Eup area","60-64 Years old",188393,90660,97733,92.80
"Eup area","65-69 Years old",170581,75525,95056,79.50
"Eup area","70-74 Years old",164198,68767,95431,72.10
"Eup area","75-79 Years old",119415,44840,74575,60.10
"Eup area","80-84 Years old",65185,20293,44892,45.20
"Eup area","85 Years old & over",40277,10468,29809,35.10
"Eup area","14 and under",765410,396768,368642,107.60
"Eup area","15 - 64 Years old",2824149,1469402,1354747,108.50
"Eup area","65 Years old",559656,219893,339763,64.70
"Eup area","Mean age",38.4,36.9,40.0,-
"Eup area","Median age",38.4,37.3,39.6,-
"Myeon area","Total",4478173,2195964,2282209,96.20
"Myeon area","0-4 Years old",148288,76071,72217,105.30
"Myeon area","5-9 Years old",159033,83010,76023,109.20
"Myeon area","10-14 Years old",213761,111595,102166,109.20
"Myeon area","15-19 Years old",232342,125983,106359,118.50
"Myeon area","20-24 Years old",202285,121179,81106,149.40
"Myeon area","25-29 Years old",208385,121992,86393,141.20
"Myeon area","30-34 Years old",214308,118725,95583,124.20
"Myeon area","35-39 Years old",247665,137466,110199,124.70
"Myeon area","40-44 Years old",271097,148264,122833,120.70
"Myeon area","45-49 Years old",318496,167735,150761,111.30
"Myeon area","50-54 Years old",366574,184922,181652,101.80
"Myeon area","55-59 Years old",330991,161055,169936,94.80
"Myeon area","60-64 Years old",318224,152541,165683,92.10
"Myeon area","65-69 Years old",334146,145694,188452,77.30
"Myeon area","70-74 Years old",366447,152492,213955,71.30
"Myeon area","75-79 Years old",288385,108686,179699,60.50
"Myeon area","80-84 Years old",159358,51809,107549,48.20
"Myeon area","85 Years old & over",98388,26745,71643,37.30
"Myeon area","14 and under",521082,270676,250406,108.10
"Myeon area","15 - 64 Years old",2710367,1439862,1270505,113.30
"Myeon area","65 Years old",1246724,485426,761298,63.80
"Myeon area","Mean age",47.6,44.7,50.3,-
"Myeon area","Median age",50.3,46.7,53.7,-
"Dong area","Total",39363373,19558869,19804504,98.80
"Dong area","0-4 Years old",1837552,945626,891926,106.00
"Dong area","5-9 Years old",1993280,1034401,958879,107.90
"Dong area","10-14 Years old",2669649,1393007,1276642,109.10
"Dong area","15-19 Years old",2922281,1548832,1373449,112.80
"Dong area","20-24 Years old",2640489,1383435,1257054,110.10
"Dong area","25-29 Years old",3080113,1549579,1530534,101.20
"Dong area","30-34 Years old",3167638,1589121,1578517,100.70
"Dong area","35-39 Years old",3483148,1732781,1750367,99.00
"Dong area","40-44 Years old",3508366,1735872,1772494,97.90
"Dong area","45-49 Years old",3426557,1703858,1722699,98.90
"Dong area","50-54 Years old",3131150,1548965,1582185,97.90
"Dong area","55-59 Years old",2209244,1087271,1121973,96.90
"Dong area","60-64 Years old",1675619,813834,861785,94.40
"Dong area","65-69 Years old",1307441,612023,695418,88.00
"Dong area","70-74 Years old",1035369,451635,583734,77.40
"Dong area","75-79 Years old",676567,257200,419367,61.30
"Dong area","80-84 Years old",370966,113906,257060,44.30
"Dong area","85 Years old & over",227944,57523,170421,33.80
"Dong area","14 and under",6500481,3373034,3127447,107.90
"Dong area","15 - 64 Years old",29244605,14693548,14551057,101.00
"Dong area","65 Years old",3618287,1492287,2126000,70.20
"Dong area","Mean age",37.0,35.9,38.0,-
"Dong area","Median age",37.1,36.1,38.0,-
"Seoul","Total",9631482,4726028,4905454,96.30
"Seoul","0-4 Years old",397667,204216,193451,105.60
"Seoul","5-9 Years old",411886,212435,199451,106.50
"Seoul","10-14 Years old",545750,283502,262248,108.10
"Seoul","15-19 Years old",635237,332292,302945,109.70
"Seoul","20-24 Years old",684026,339766,344260,98.70
"Seoul","25-29 Years old",898900,439024,459876,95.50
"Seoul","30-34 Years old",857764,430797,426967,100.90
"Seoul","35-39 Years old",850730,429626,421104,102.00
"Seoul","40-44 Years old",797360,393950,403410,97.70
"Seoul","45-49 Years old",784467,380404,404063,94.10
"Seoul","50-54 Years old",777432,368872,408560,90.30
"Seoul","55-59 Years old",592471,283140,309331,91.50
"Seoul","60-64 Years old",468836,225186,243650,92.40
"Seoul","65-69 Years old",362266,175236,187030,93.70
"Seoul","70-74 Years old",263697,121030,142667,84.80
"Seoul","75-79 Years old",159797,63867,95930,66.60
"Seoul","80-84 Years old",87286,27885,59401,46.90
"Seoul","85 Years old & over",55910,14800,41110,36.00
"Seoul","14 and under",1355303,700153,655150,106.90
"Seoul","15 - 64 Years old",7347223,3623057,3724166,97.30
"Seoul","65 Years old",928956,402818,526138,76.60
"Seoul","Mean age",37.9,37.0,38.8,-
"Seoul","Median age",37.3,36.5,38.2,-
"Busan","Total",3393191,1664678,1728513,96.30
"Busan","0-4 Years old",124410,63964,60446,105.80
"Busan","5-9 Years old",139125,72380,66745,108.40
"Busan","10-14 Years old",199016,105266,93750,112.30
"Busan","15-19 Years old",242414,130771,111643,117.10
"Busan","20-24 Years old",227742,121532,106210,114.40
"Busan","25-29 Years old",247229,124810,122419,102.00
"Busan","30-34 Years old",239936,120088,119848,100.20
"Busan","35-39 Years old",256860,127090,129770,97.90
"Busan","40-44 Years old",271955,131701,140254,93.90
"Busan","45-49 Years old",293334,139961,153373,91.30
"Busan","50-54 Years old",312412,148927,163485,91.10
"Busan","55-59 Years old",248722,120219,128503,93.60
"Busan","60-64 Years old",192906,93348,99558,93.80
"Busan","65-69 Years old",149213,70620,78593,89.90
"Busan","70-74 Years old",115192,50461,64731,78.00
"Busan","75-79 Years old",72906,27472,45434,60.50
"Busan","80-84 Years old",38632,11168,27464,40.70
"Busan","85 Years old & over",21187,4900,16287,30.10
"Busan","14 and under",462551,241610,220941,109.40
"Busan","15 - 64 Years old",2533510,1258447,1275063,98.70
"Busan","65 Years old",397130,164621,232509,70.80
"Busan","Mean age",39.7,38.3,41.0,-
"Busan","Median age",40.3,38.7,41.8,-
"Daegu","Total",2431774,1204428,1227346,98.10
"Daegu","0-4 Years old",101667,52769,48898,107.90
"Daegu","5-9 Years old",118717,62518,56199,111.20
"Daegu","10-14 Years old",167820,89432,78388,114.10
"Daegu","15-19 Years old",185952,101944,84008,121.40
"Daegu","20-24 Years old",162748,90988,71760,126.80
"Daegu","25-29 Years old",169158,84504,84654,99.80
"Daegu","30-34 Years old",174275,85967,88308,97.30
"Daegu","35-39 Years old",201620,97863,103757,94.30
"Daegu","40-44 Years old",217539,105723,111816,94.60
"Daegu","45-49 Years old",219070,107258,111812,95.90
"Daegu","50-54 Years old",200207,98394,101813,96.60
"Daegu","55-59 Years old",148331,71571,76760,93.20
"Daegu","60-64 Years old",113154,54023,59131,91.40
"Daegu","65-69 Years old",89508,40516,48992,82.70
"Daegu","70-74 Years old",74175,31426,42749,73.50
"Daegu","75-79 Years old",48893,18491,30402,60.80
"Daegu","80-84 Years old",24970,7598,17372,43.70
"Daegu","85 Years old & over",13970,3443,10527,32.70
"Daegu","14 and under",388204,204719,183485,111.60
"Daegu","15 - 64 Years old",1792054,898235,893819,100.50
"Daegu","65 Years old",251516,101474,150042,67.60
"Daegu","Mean age",37.9,36.5,39.4,-
"Daegu","Median age",38.5,36.9,39.9,-
"Incheon","Total",2632035,1315562,1316473,99.90
"Incheon","0-4 Years old",125447,64454,60993,105.70
"Incheon","5-9 Years old",133355,68755,64600,106.40
"Incheon","10-14 Years old",178382,92571,85811,107.90
"Incheon","15-19 Years old",198204,104048,94156,110.50
"Incheon","20-24 Years old",173656,91191,82465,110.60
"Incheon","25-29 Years old",200048,101564,98484,103.10
"Incheon","30-34 Years old",207697,106099,101598,104.40
"Incheon","35-39 Years old",232540,117276,115264,101.70
"Incheon","40-44 Years old",240289,118836,121453,97.80
"Incheon","45-49 Years old",248709,124696,124013,100.60
"Incheon","50-54 Years old",217853,110606,107247,103.10
"Incheon","55-59 Years old",140003,70683,69320,102.00
"Incheon","60-64 Years old",103653,51458,52195,98.60
"Incheon","65-69 Years old",79943,37313,42630,87.50
"Incheon","70-74 Years old",65619,27641,37978,72.80
"Incheon","75-79 Years old",44994,16478,28516,57.80
"Incheon","80-84 Years old",25334,7559,17775,42.50
"Incheon","85 Years old & over",16309,4334,11975,36.20
"Incheon","14 and under",437184,225780,211404,106.80
"Incheon","15 - 64 Years old",1962652,996457,966195,103.10
"Incheon","65 Years old",232199,93325,138874,67.20
"Incheon","Mean age",36.9,35.9,37.8,-
"Incheon","Median age",37.3,36.3,38.1,-
"Gwangju","Total",1466143,724161,741982,97.60
"Gwangju","0-4 Years old",73014,37690,35324,106.70
"Gwangju","5-9 Years old",82288,42791,39497,108.30
"Gwangju","10-14 Years old",113885,59228,54657,108.40
"Gwangju","15-19 Years old",120610,62759,57851,108.50
"Gwangju","20-24 Years old",104075,53053,51022,104.00
"Gwangju","25-29 Years old",113039,56666,56373,100.50
"Gwangju","30-34 Years old",114706,56845,57861,98.20
"Gwangju","35-39 Years old",126152,62120,64032,97.00
"Gwangju","40-44 Years old",127527,63159,64368,98.10
"Gwangju","45-49 Years old",118774,59135,59639,99.20
"Gwangju","50-54 Years old",105584,51876,53708,96.60
"Gwangju","55-59 Years old",73008,35647,37361,95.40
"Gwangju","60-64 Years old",60344,28948,31396,92.20
"Gwangju","65-69 Years old",46452,21725,24727,87.90
"Gwangju","70-74 Years old",37519,16175,21344,75.80
"Gwangju","75-79 Years old",25746,9710,16036,60.60
"Gwangju","80-84 Years old",14502,4588,9914,46.30
"Gwangju","85 Years old & over",8918,2046,6872,29.80
"Gwangju","14 and under",269187,139709,129478,107.90
"Gwangju","15 - 64 Years old",1063819,530208,533611,99.40
"Gwangju","65 Years old",133137,54244,78893,68.80
"Gwangju","Mean age",35.9,34.8,37.0,-
"Gwangju","Median age",35.5,34.4,36.6,-
"Daejeon","Total",1490158,745150,745008,100.00
"Daejeon","0-4 Years old",71984,37100,34884,106.40
"Daejeon","5-9 Years old",79733,41387,38346,107.90
"Daejeon","10-14 Years old",104938,54688,50250,108.80
"Daejeon","15-19 Years old",120208,63941,56267,113.60
"Daejeon","20-24 Years old",115453,61781,53672,115.10
"Daejeon","25-29 Years old",114615,58900,55715,105.70
"Daejeon","30-34 Years old",115328,57230,58098,98.50
"Daejeon","35-39 Years old",129017,64155,64862,98.90
"Daejeon","40-44 Years old",129921,64284,65637,97.90
"Daejeon","45-49 Years old",125691,62446,63245,98.70
"Daejeon","50-54 Years old",114889,57176,57713,99.10
"Daejeon","55-59 Years old",79161,39581,39580,100.00
"Daejeon","60-64 Years old",58205,28789,29416,97.90
"Daejeon","65-69 Years old",45104,21049,24055,87.50
"Daejeon","70-74 Years old",36955,15974,20981,76.10
"Daejeon","75-79 Years old",25494,9699,15795,61.40
"Daejeon","80-84 Years old",14406,4563,9843,46.40
"Daejeon","85 Years old & over",9056,2407,6649,36.20
"Daejeon","14 and under",256655,133175,123480,107.90
"Daejeon","15 - 64 Years old",1102488,558283,544205,102.60
"Daejeon","65 Years old",131015,53692,77323,69.40
"Daejeon","Mean age",36.2,35.1,37.2,-
"Daejeon","Median age",36.0,34.8,37.1,-
"Ulsan","Total",1071673,550869,520804,105.80
"Ulsan","0-4 Years old",54555,28391,26164,108.50
"Ulsan","5-9 Years old",57544,30386,27158,111.90
"Ulsan","10-14 Years old",81816,43449,38367,113.20
"Ulsan","15-19 Years old",83401,46769,36632,127.70
"Ulsan","20-24 Years old",59513,34601,24912,138.90
"Ulsan","25-29 Years old",75807,39855,35952,110.90
"Ulsan","30-34 Years old",85342,44349,40993,108.20
"Ulsan","35-39 Years old",95126,47004,48122,97.70
"Ulsan","40-44 Years old",105585,52185,53400,97.70
"Ulsan","45-49 Years old",105437,54554,50883,107.20
"Ulsan","50-54 Years old",91127,46599,44528,104.70
"Ulsan","55-59 Years old",61284,31807,29477,107.90
"Ulsan","60-64 Years old",40023,20867,19156,108.90
"Ulsan","65-69 Years old",27642,13253,14389,92.10
"Ulsan","70-74 Years old",20895,8994,11901,75.60
"Ulsan","75-79 Years old",13799,4841,8958,54.00
"Ulsan","80-84 Years old",7883,2048,5835,35.10
"Ulsan","85 Years old & over",4894,917,3977,23.10
"Ulsan","14 and under",193915,102226,91689,111.50
"Ulsan","15 - 64 Years old",802645,418590,384055,109.00
"Ulsan","65 Years old",75113,30053,45060,66.70
"Ulsan","Mean age",36.0,35.0,37.1,-
"Ulsan","Median age",37.1,35.9,38.2,-
"Gyeonggi-do","Total",11196053,5599570,5596483,100.10
"Gyeonggi-do","0-4 Years old",599224,307459,291765,105.40
"Gyeonggi-do","5-9 Years old",635460,328270,307190,106.90
"Gyeonggi-do","10-14 Years old",797332,413012,384320,107.50
"Gyeonggi-do","15-19 Years old",815660,426147,389513,109.40
"Gyeonggi-do","20-24 Years old",685567,357162,328405,108.80
"Gyeonggi-do","25-29 Years old",821115,416451,404664,102.90
"Gyeonggi-do","30-34 Years old",924453,461923,462530,99.90
"Gyeonggi-do","35-39 Years old",1074259,537506,536753,100.10
"Gyeonggi-do","40-44 Years old",1059502,533139,526363,101.30
"Gyeonggi-do","45-49 Years old",992903,507910,484993,104.70
"Gyeonggi-do","50-54 Years old",837407,429542,407865,105.30
"Gyeonggi-do","55-59 Years old",544701,273813,270888,101.10
"Gyeonggi-do","60-64 Years old",409903,198526,211377,93.90
"Gyeonggi-do","65-69 Years old",340181,155571,184610,84.30
"Gyeonggi-do","70-74 Years old",287751,124663,163088,76.40
"Gyeonggi-do","75-79 Years old",195126,75760,119366,63.50
"Gyeonggi-do","80-84 Years old",106859,34224,72635,47.10
"Gyeonggi-do","85 Years old & over",68650,18492,50158,36.90
"Gyeonggi-do","14 and under",2032016,1048741,983275,106.70
"Gyeonggi-do","15 - 64 Years old",8165470,4142119,4023351,103.00
"Gyeonggi-do","65 Years old",998567,408710,589857,69.30
"Gyeonggi-do","Mean age",36.2,35.3,37.1,-
"Gyeonggi-do","Median age",36.6,35.9,37.3,-
"Gangwon-do","Total",1463650,735075,728575,100.90
"Gangwon-do","0-4 Years old",61847,31913,29934,106.60
"Gangwon-do","5-9 Years old",71908,37512,34396,109.10
"Gangwon-do","10-14 Years old",95714,49675,46039,107.90
"Gangwon-do","15-19 Years old",102384,55000,47384,116.10
"Gangwon-do","20-24 Years old",92984,54670,38314,142.70
"Gangwon-do","25-29 Years old",85501,47241,38260,123.50
"Gangwon-do","30-34 Years old",91411,46584,44827,103.90
"Gangwon-do","35-39 Years old",110150,56133,54017,103.90
"Gangwon-do","40-44 Years old",117177,60341,56836,106.20
"Gangwon-do","45-49 Years old",121477,61751,59726,103.40
"Gangwon-do","50-54 Years old",124021,62321,61700,101.00
"Gangwon-do","55-59 Years old",93016,46372,46644,99.40
"Gangwon-do","60-64 Years old",69649,33319,36330,91.70
"Gangwon-do","65-69 Years old",72062,32575,39487,82.50
"Gangwon-do","70-74 Years old",68047,29868,38179,78.20
"Gangwon-do","75-79 Years old",44810,17227,27583,62.50
"Gangwon-do","80-84 Years old",25239,7894,17345,45.50
"Gangwon-do","85 Years old & over",16253,4679,11574,40.40
"Gangwon-do","14 and under",229469,119100,110369,107.90
"Gangwon-do","15 - 64 Years old",1007770,523732,484038,108.20
"Gangwon-do","65 Years old",226411,92243,134168,68.80
"Gangwon-do","Mean age",40.3,38.6,42.0,-
"Gangwon-do","Median age",40.8,39.1,42.6,-
"Chungcheongbuk-do","Total",1495984,748622,747362,100.20
"Chungcheongbuk-do","0-4 Years old",69258,35693,33565,106.30
"Chungcheongbuk-do","5-9 Years old",75891,39447,36444,108.20
"Chungcheongbuk-do","10-14 Years old",101753,53085,48668,109.10
"Chungcheongbuk-do","15-19 Years old",110193,59054,51139,115.50
"Chungcheongbuk-do","20-24 Years old",96955,53167,43788,121.40
"Chungcheongbuk-do","25-29 Years old",99156,52374,46782,112.00
"Chungcheongbuk-do","30-34 Years old",102444,52608,49836,105.60
"Chungcheongbuk-do","35-39 Years old",116506,59095,57411,102.90
"Chungcheongbuk-do","40-44 Years old",123479,62779,60700,103.40
"Chungcheongbuk-do","45-49 Years old",123065,63404,59661,106.30
"Chungcheongbuk-do","50-54 Years old",117176,59622,57554,103.60
"Chungcheongbuk-do","55-59 Years old",87616,43670,43946,99.40
"Chungcheongbuk-do","60-64 Years old",64533,31528,33005,95.50
"Chungcheongbuk-do","65-69 Years old",62552,28168,34384,81.90
"Chungcheongbuk-do","70-74 Years old",61304,26313,34991,75.20
"Chungcheongbuk-do","75-79 Years old",44818,16754,28064,59.70
"Chungcheongbuk-do","80-84 Years old",24413,7750,16663,46.50
"Chungcheongbuk-do","85 Years old & over",14872,4111,10761,38.20
"Chungcheongbuk-do","14 and under",246902,128225,118677,108.00
"Chungcheongbuk-do","15 - 64 Years old",1041123,537301,503822,106.60
"Chungcheongbuk-do","65 Years old",207959,83096,124863,66.50
"Chungcheongbuk-do","Mean age",39.0,37.5,40.5,-
"Chungcheongbuk-do","Median age",39.0,37.5,40.5,-
"Chungcheongnam-do","Total",2000473,1007454,993019,101.50
"Chungcheongnam-do","0-4 Years old",97608,50210,47398,105.90
"Chungcheongnam-do","5-9 Years old",101178,52389,48789,107.40
"Chungcheongnam-do","10-14 Years old",129040,66920,62120,107.70
"Chungcheongnam-do","15-19 Years old",145024,75768,69256,109.40
"Chungcheongnam-do","20-24 Years old",130476,69426,61050,113.70
"Chungcheongnam-do","25-29 Years old",132577,73891,58686,125.90
"Chungcheongnam-do","30-34 Years old",141500,75275,66225,113.70
"Chungcheongnam-do","35-39 Years old",155044,80945,74099,109.20
"Chungcheongnam-do","40-44 Years old",153553,81092,72461,111.90
"Chungcheongnam-do","45-49 Years old",153480,80885,72595,111.40
"Chungcheongnam-do","50-54 Years old",143493,73372,70121,104.60
"Chungcheongnam-do","55-59 Years old",110994,55044,55950,98.40
"Chungcheongnam-do","60-64 Years old",96025,47139,48886,96.40
"Chungcheongnam-do","65-69 Years old",87876,39386,48490,81.20
"Chungcheongnam-do","70-74 Years old",90300,38326,51974,73.70
"Chungcheongnam-do","75-79 Years old",71286,28147,43139,65.20
"Chungcheongnam-do","80-84 Years old",37794,12791,25003,51.20
"Chungcheongnam-do","85 Years old & over",23225,6448,16777,38.40
"Chungcheongnam-do","14 and under",327826,169519,158307,107.10
"Chungcheongnam-do","15 - 64 Years old",1362166,712837,649329,109.80
"Chungcheongnam-do","65 Years old",310481,125098,185383,67.50
"Chungcheongnam-do","Mean age",39.5,38.0,41.1,-
"Chungcheongnam-do","Median age",39.0,37.6,40.6,-
"Jeollabuk-do","Total",1766044,867630,898414,96.60
"Jeollabuk-do","0-4 Years old",77197,39946,37251,107.20
"Jeollabuk-do","5-9 Years old",89553,46303,43250,107.10
"Jeollabuk-do","10-14 Years old",121992,63081,58911,107.10
"Jeollabuk-do","15-19 Years old",130831,69635,61196,113.80
"Jeollabuk-do","20-24 Years old",104713,58354,46359,125.90
"Jeollabuk-do","25-29 Years old",102874,53760,49114,109.50
"Jeollabuk-do","30-34 Years old",109492,55153,54339,101.50
"Jeollabuk-do","35-39 Years old",131138,65972,65166,101.20
"Jeollabuk-do","40-44 Years old",135282,68929,66353,103.90
"Jeollabuk-do","45-49 Years old",136916,69078,67838,101.80
"Jeollabuk-do","50-54 Years old",133760,66229,67531,98.10
"Jeollabuk-do","55-59 Years old",104671,51208,53463,95.80
"Jeollabuk-do","60-64 Years old",98041,47024,51017,92.20
"Jeollabuk-do","65-69 Years old",84196,37276,46920,79.40
"Jeollabuk-do","70-74 Years old",82727,34173,48554,70.40
"Jeollabuk-do","75-79 Years old",64990,24272,40718,59.60
"Jeollabuk-do","80-84 Years old",36338,11746,24592,47.80
"Jeollabuk-do","85 Years old & over",21333,5491,15842,34.70
"Jeollabuk-do","14 and under",288742,149330,139412,107.10
"Jeollabuk-do","15 - 64 Years old",1187718,605342,582376,103.90
"Jeollabuk-do","65 Years old",289584,112958,176626,64.00
"Jeollabuk-do","Mean age",40.4,38.5,42.2,-
"Jeollabuk-do","Median age",40.5,38.7,42.4,-
"Jeollanam-do","Total",1728749,845952,882797,95.80
"Jeollanam-do","0-4 Years old",73548,37787,35761,105.70
"Jeollanam-do","5-9 Years old",84525,43872,40653,107.90
"Jeollanam-do","10-14 Years old",118040,61164,56876,107.50
"Jeollanam-do","15-19 Years old",115014,61450,53564,114.70
"Jeollanam-do","20-24 Years old",74938,43959,30979,141.90
"Jeollanam-do","25-29 Years old",85461,45280,40181,112.70
"Jeollanam-do","30-34 Years old",98140,50228,47912,104.80
"Jeollanam-do","35-39 Years old",119167,61336,57831,106.10
"Jeollanam-do","40-44 Years old",129597,68245,61352,111.20
"Jeollanam-do","45-49 Years old",133735,69084,64651,106.90
"Jeollanam-do","50-54 Years old",132614,66675,65939,101.10
"Jeollanam-do","55-59 Years old",107133,52726,54407,96.90
"Jeollanam-do","60-64 Years old",103877,49694,54183,91.70
"Jeollanam-do","65-69 Years old",98508,43161,55347,78.00
"Jeollanam-do","70-74 Years old",103309,42200,61109,69.10
"Jeollanam-do","75-79 Years old",78558,28260,50298,56.20
"Jeollanam-do","80-84 Years old",45139,14065,31074,45.30
"Jeollanam-do","85 Years old & over",27446,6766,20680,32.70
"Jeollanam-do","14 and under",276113,142823,133290,107.20
"Jeollanam-do","15 - 64 Years old",1099676,568677,530999,107.10
"Jeollanam-do","65 Years old",352960,134452,218508,61.50
"Jeollanam-do","Mean age",42.7,40.4,44.9,-
"Jeollanam-do","Median age",43.6,41.3,46.3,-
"Gyeongsangbuk-do","Total",2575370,1281510,1293860,99.00
"Gyeongsangbuk-do","0-4 Years old",109013,56382,52631,107.10
"Gyeongsangbuk-do","5-9 Years old",118013,62075,55938,111.00
"Gyeongsangbuk-do","10-14 Years old",158166,83447,74719,111.70
"Gyeongsangbuk-do","15-19 Years old",176765,97020,79745,121.70
"Gyeongsangbuk-do","20-24 Years old",151822,86895,64927,133.80
"Gyeongsangbuk-do","25-29 Years old",159212,85347,73865,115.50
"Gyeongsangbuk-do","30-34 Years old",167811,87030,80781,107.70
"Gyeongsangbuk-do","35-39 Years old",190804,97307,93497,104.10
"Gyeongsangbuk-do","40-44 Years old",200609,103179,97430,105.90
"Gyeongsangbuk-do","45-49 Years old",206740,105629,101111,104.50
"Gyeongsangbuk-do","50-54 Years old",203823,102221,101602,100.60
"Gyeongsangbuk-do","55-59 Years old",165679,80942,84737,95.50
"Gyeongsangbuk-do","60-64 Years old",136430,66396,70034,94.80
"Gyeongsangbuk-do","65-69 Years old",124673,54681,69992,78.10
"Gyeongsangbuk-do","70-74 Years old",126234,52370,73864,70.90
"Gyeongsangbuk-do","75-79 Years old",94660,35228,59432,59.30
"Gyeongsangbuk-do","80-84 Years old",52621,16699,35922,46.50
"Gyeongsangbuk-do","85 Years old & over",32295,8662,23633,36.70
"Gyeongsangbuk-do","14 and under",385192,201904,183288,110.20
"Gyeongsangbuk-do","15 - 64 Years old",1759695,911966,847729,107.60
"Gyeongsangbuk-do","65 Years old",430483,167640,262843,63.80
"Gyeongsangbuk-do","Mean age",41.1,39.1,43.1,-
"Gyeongsangbuk-do","Median age",41.3,39.3,43.5,-
"Gyeongsangnam-do","Total",3119571,1562686,1556885,100.40
"Gyeongsangnam-do","0-4 Years old",154821,79917,74904,106.70
"Gyeongsangnam-do","5-9 Years old",163631,85931,77700,110.60
"Gyeongsangnam-do","10-14 Years old",218418,114998,103420,111.20
"Gyeongsangnam-do","15-19 Years old",217353,118993,98360,121.00
"Gyeongsangnam-do","20-24 Years old",163021,93679,69342,135.10
"Gyeongsangnam-do","25-29 Years old",202144,106906,95238,112.30
"Gyeongsangnam-do","30-34 Years old",229358,118136,111222,106.20
"Gyeongsangnam-do","35-39 Years old",264987,134289,130698,102.70
"Gyeongsangnam-do","40-44 Years old",275367,140021,135346,103.50
"Gyeongsangnam-do","45-49 Years old",266282,136302,129980,104.90
"Gyeongsangnam-do","50-54 Years old",247848,126040,121808,103.50
"Gyeongsangnam-do","55-59 Years old",182499,90750,91749,98.90
"Gyeongsangnam-do","60-64 Years old",142494,69053,73441,94.00
"Gyeongsangnam-do","65-69 Years old",120836,52895,67941,77.90
"Gyeongsangnam-do","70-74 Years old",113515,45339,68176,66.50
"Gyeongsangnam-do","75-79 Years old",84425,29549,54876,53.80
"Gyeongsangnam-do","80-84 Years old",46663,13655,33008,41.40
"Gyeongsangnam-do","85 Years old & over",25909,6233,19676,31.70
"Gyeongsangnam-do","14 and under",536870,280846,256024,109.70
"Gyeongsangnam-do","15 - 64 Years old",2191353,1134169,1057184,107.30
"Gyeongsangnam-do","65 Years old",391348,147671,243677,60.60
"Gyeongsangnam-do","Mean age",38.6,36.9,40.4,-
"Gyeongsangnam-do","Median age",39.0,37.5,40.6,-
"Jeju-do","Total",528411,261521,266890,98.00
"Jeju-do","0-4 Years old",27824,14329,13495,106.20
"Jeju-do","5-9 Years old",31856,16843,15013,112.20
"Jeju-do","10-14 Years old",41164,21446,19718,108.80
"Jeju-do","15-19 Years old",39164,20588,18576,110.80
"Jeju-do","20-24 Years old",27731,15147,12584,120.40
"Jeju-do","25-29 Years old",32113,16232,15881,102.20
"Jeju-do","30-34 Years old",35691,18085,17606,102.70
"Jeju-do","35-39 Years old",45047,22516,22531,99.90
"Jeju-do","40-44 Years old",46681,23868,22813,104.60
"Jeju-do","45-49 Years old",43278,22144,21134,104.80
"Jeju-do","50-54 Years old",38485,19501,18984,102.70
"Jeju-do","55-59 Years old",27406,13574,13832,98.10
"Jeju-do","60-64 Years old",24163,11737,12426,94.50
"Jeju-do","65-69 Years old",21156,9817,11339,86.60
"Jeju-do","70-74 Years old",18775,7941,10834,73.30
"Jeju-do","75-79 Years old",14065,4971,9094,54.70
"Jeju-do","80-84 Years old",7430,1775,5655,31.40
"Jeju-do","85 Years old & over",6382,1007,5375,18.70
"Jeju-do","14 and under",100844,52618,48226,109.10
"Jeju-do","15 - 64 Years old",359759,183392,176367,104.00
"Jeju-do","65 Years old",67808,25511,42297,60.30
"Jeju-do","Mean age",38.0,36.2,39.7,-
"Jeju-do","Median age",38.3,37.0,39.6,-
